<?xml version="1.0" encoding="UTF-8" standalone="yes"?>
<addon id="repository.maxxam" name="MaXXaM Repo" version="1.0.2" provider-name="MaXXaM Repo Addon">
    <extension point="xbmc.addon.repository" name="maxxam Add-on Repository">
        <info compressed="true">https://www.teamwatch.it/kodi/addons.xml</info>
        <checksum>https://www.teamwatch.it/kodi/addons.xml.md5</checksum>
        <datadir zip="true">https://www.teamwatch.it/kodi</datadir>
    </extension>
    <extension point="xbmc.addon.metadata">
        <summary>MaXXaM Repository</summary>
        <description></description>
        <disclaimer>The owners and submitters to this repository do not host or distribute any of the content displayed by these addons nor do they have any affiliation with the content providers.</disclaimer>
        <platform>all</platform>
    </extension>
</addon>

