{
    "id": "italiafilmhd",
    "name": "ItaliaFilm HD",
    "active": true,
    "adult": false,
    "language": ["ita"],
    "thumbnail": "https://italiafilm.network/wp-content/uploads/2018/06/ITALIAFILM-HD.png",
    "bannermenu": "https://italiafilm.network/wp-content/uploads/2018/06/ITALIAFILM-HD.png",
    "categories": ["movie"],
    "settings": [
        {
			"id": "include_in_global_search",
			"type": "bool",
			"label": "Includi in ricerca globale",
			"default": true,
			"enabled": true,
			"visible": true
		},
		{
			"id": "include_in_newest_peliculas",
			"type": "bool",
			"label": "Includi in Novità - Film",
			"default": true,
			"enabled": true,
			"visible": true

		},
        {
            "id": "include_in_newest_italiano",
            "type": "bool",
            "label": "Includi in Novità - Italiano",
            "default": true,
            "enabled": true,
            "visible": true
        },
		{
            "id": "comprueba_enlaces",
            "type": "bool",
            "label": "Verifica se i link esistono",
            "default": false,
            "enabled": true,
            "visible": true
		},
		{
            "id": "comprueba_enlaces_num",
            "type": "list",
            "label": "Numero di link da verificare",
            "default": 1,
            "enabled": true,
            "visible": "eq(-1,true)",
            "lvalues": [ "2", "5", "10", "15" ]
		},
		{
		  "id": "filter_languages",
		  "type": "list",
		  "label": "Mostra link in lingua...",
		  "default": 0,
		  "enabled": true,
		  "visible": true,
		  "lvalues": ["Non filtrare","IT"]
		}
    ]
}
