{
    "id": "animeworld", 
    "name": "AnimeWorld", 
    "active": true, 
    "adult": false, 
    "language": ["ita"],
    "thumbnail": "animeworld.png",
    "banner": "animeworld.png",
    "categories": ["anime"],
    "settings": [
        {
            "id": "channel_host",
            "type": "text",
            "label": "Host del canale",
            "default": "https://www.animeworld.it",
            "enabled": true,
            "visible": true
        },
        {
            "id": "include_in_global_search", 
            "type": "bool", 
            "label": "Includi ricerca globale", 
            "default": false, 
            "enabled": false, 
            "visible": false
        }, 
        {
            "id": "include_in_newest_anime", 
            "type": "bool", 
            "label": "Includi in Novità - Anime", 
            "default": true, 
            "enabled": true, 
            "visible": true
        },
        {
            "id": "include_in_newest_italiano",
            "type": "bool",
            "label": "Includi in Novità - Italiano",
            "default": true,
            "enabled": true,
            "visible": true
        },
        {
            "id": "checklinks",
            "type": "bool",
            "label": "Verifica se i link esistono",
            "default": false,
            "enabled": true,
            "visible": true
        },
        {
            "id": "checklinks_number",
            "type": "list",
            "label": "Numero de link da verificare",
            "default": 1,
            "enabled": true,
            "visible": "eq(-1,true)",
            "lvalues": [ "1", "3", "5", "10" ]
        },
        {
            "id": "filter_languages",
            "type": "list",
            "label": "Mostra link in lingua...",
            "default": 0,
            "enabled": true,
            "visible": true,
            "lvalues": ["No filtrar","Italiano"]
            }
    ]
}
