{
	"id": "eurostreaming",
	"name": "Eurostreaming",
    "active": true,
	"adult": false,
	"language": ["ita"],
    "thumbnail": "https://eurostreaming.cafe/wp-content/uploads/2017/08/logocafe.png",
    "bannermenu": "https://eurostreaming.cafe/wp-content/uploads/2017/08/logocafe.png",
	"categories": ["tvshow","anime"],
  "settings": [
      {
      "id": "include_in_global_search",
      "type": "bool",
      "label": "Includi ricerca globale",
      "default": true,
      "enabled": true,
      "visible": true
    },
    {
      "id": "modo_grafico",
      "type": "bool",
      "label": "Cerca informazioni extra",
      "default": true,
      "enabled": true,
      "visible": true
    },
    {
    "id": "include_in_newest_series",
    "type": "bool",
    "label": "Includi in novità - Serie TV",
    "default": true,
	 "enabled": true,
    "visible": true
    },
    {
    "id": "include_in_newest_italiano",
    "type": "bool",
    "label": "Includi in Novità - Italiano",
    "default": true,
    "enabled": true,
    "visible": true
    },    
    {
      "id": "checklinks",
      "type": "bool",
      "label": "Verifica se i link esistono",
      "default": true,
      "enabled": true,
      "visible": true
    },
    {
      "id": "checklinks_number",
      "type": "list",
      "label": "Numero de link da verificare",
      "default": 1,
      "enabled": true,
      "visible": "eq(-1,true)",
      "lvalues": [ "5", "10", "15", "20" ]
    },
    {
      "id": "filter_languages",
      "type": "list",
      "label": "Mostra link in lingua...",
      "default": 0,
      "enabled": true,
      "visible": true,
      "lvalues": [
        "Non filtrare",
        "Italiano",
        "vosi"
      ]
    },
    {
      "id": "perfil",
      "type": "list",
      "label": "profilo dei colori",
      "default": 0,
      "enabled": true,
      "visible": true,
      "lvalues": [
        "Sin color",
        "Perfil 5",
        "Perfil 4",
        "Perfil 3",
        "Perfil 2",
        "Perfil 1"
      ]
    }
	  ]
}
