<?xml version="1.0" encoding="UTF-8" standalone="yes"?>
<addon id="repository.papaprdelle" name="Pappardelle Add-on Repository" version="1.18.2" provider-name="cttynul">
    <extension point="xbmc.addon.repository" name="Pappardelle Add-on Repository">
      <dir>
          <info compressed="false">https://pappardelleoverflow.ml/repo/zips/addons.xml</info>
          <checksum>https://pappardelleoverflow.ml/repo/zips/addons.xml.md5</checksum>
          <datadir zip="true">https://pappardelleoverflow.ml/repo/zips/</datadir>
      </dir>
      <dir>
          <info compressed="false">https://raw.githubusercontent.com/Sandmann79/xbmc/master/packages/addons.xml</info>
          <checksum>https://raw.githubusercontent.com/Sandmann79/xbmc/master/packages/addons.xml.md5</checksum>
          <datadir zip="true">https://raw.githubusercontent.com/Sandmann79/xbmc/master/packages/</datadir>
      </dir>
      <dir>
          <info compressed="true">https://github.com/NeverWise/repository.neverwise-storage/raw/master/addons/addons.xml</info>
          <checksum>https://github.com/NeverWise/repository.neverwise-storage/raw/master/addons/addons.xml.md5</checksum>
          <datadir zip="true">https://github.com/NeverWise/repository.neverwise-storage/raw/master/addons</datadir>
      </dir>
      <dir>
          <info>https://github.com/kodiondemand/repo/raw/master/addons.xml</info>
          <checksum>https://github.com/kodiondemand/repo/raw/master/addons.xml.md5</checksum>
          <datadir zip="true">https://github.com/kodiondemand/repo/raw/master</datadir>
      </dir>
      <dir>
          <info>https://github.com/CastagnaIT/repository.castagnait/raw/master/addons.xml</info>
          <checksum>https://github.com/CastagnaIT/repository.castagnait/raw/master/addons.xml.md5</checksum>
          <datadir zip="true">https://github.com/CastagnaIT/repository.castagnait/raw/master/zip</datadir>
		  </dir>
      <dir>
          <info compressed="false">https://github.com/cttynul/xbmcttynul/raw/master/repo/zips/addons.xml</info>
          <checksum>https://github.com/cttynul/xbmcttynul/raw/master/repo/zips/addons.xml.md5</checksum>
          <datadir zip="true">https://github.com/cttynul/xbmcttynul/raw/master/repo/zips/</datadir>
      </dir>
      <dir>
          <info compressed="false">https:/github.com/tvaddonsco/tva-resolvers-repo/raw/master/addons.xml</info>
          <checksum>https://github.com/tvaddonsco/tva-resolvers-repo/raw/master/addons.xml.md5</checksum>
          <datadir zip="true">https://github.com/tvaddonsco/tva-resolvers-repo/raw/master/zips/</datadir>
      </dir>
      <dir>
          <info compressed="false">https:/raw.githubusercontent.com/jsergio123/zips/master/addons.xml</info>
          <checksum>https://raw.githubusercontent.com/jsergio123/zips/master/addons.xml.md5</checksum>
          <datadir zip="true">https://raw.githubusercontent.com/jsergio123/zips/master/</datadir>
      </dir>
    </extension>
    <extension point="xbmc.addon.metadata">
        <summary>Just another XBMC/Kodi add-on repository.</summary>
        <description>Pappardelle add-on repositories. Here's are mirrored a couple of 3rd party add-ons, directly from developers repositories. Kodi is a registered trademark of the XBMC Foundation.</description>
        <platform>all</platform>
    </extension>
</addon>