<?xml version="1.0" encoding="UTF-8"?>
<addon
  id="program.amrinstaller"
  version="1.16.2"
  name="Installer"
  provider-name="cttynul">
  <requires>
   <import addon="xbmc.python" version="2.14.0"/>
  </requires>
  <extension point="xbmc.python.pluginsource" library="default.py">
   <provides>executable</provides>
  </extension>
  <extension point="xbmc.addon.metadata">
    <summary lang="en">AMR Installer download and install a couple of addon for you.</summary>
    <description lang="en">Download and install addon, module and repositories from official sources and git reporistories.</description>
    <disclaimer lang="en">Addons copyrights go to respective developers</disclaimer>
    <license>GNU GENERAL PUBLIC LICENSE. Version 2, June 1991</license>
    <platform>all</platform>
  </extension>
</addon>
