<?xml version="1.0" encoding="UTF-8"?>
<addon id="plugin.video.vvvvid" version="1.18.5" name="VVVVID" provider-name="cttynul, evilsephiroth">
    <requires>
        <import addon="xbmc.python" version="2.1.0"/>
        <import addon="script.module.xbmcswift2"/>
        <import addon="script.module.requests" />
    </requires>
    <extension point="xbmc.python.pluginsource" library="default.py">
        <provides>video</provides>
    </extension>
    <extension point="xbmc.addon.metadata">
        <summary>VVVVID Kodi Addon</summary>
        <description>Watch easly your favourite VVVID content, VVVID is a project originally started by evilsephiroth, edited by cttynul to make it back working.[CR]I don't own any VVVVID Trademark and this addon is not affiliated with content provier.[CR]Version naming: Major Release.Last Kodi Build Tested.Minor Release, i.e. 1.18.1 means it has been tested on Kodi 18.</description>
        <disclaimer>The author does not host or distribute any of the content displayed by this addon. The author does not have any affiliation with the content provider.</disclaimer>
        <source>https://github.com/evilsephiroth</source>
		<website>https://github.com/evilsephiroth</website>
        <platform>all</platform>
    </extension>
</addon>