<?xml version="1.0" encoding="UTF-8" standalone="yes"?>
<addon id="repository.xbmcttynul" name="XBMCttynul Add-on Repository" version="2.18.2" provider-name="cttynul">
    <extension point="xbmc.addon.repository" name="XBMCttynul Repository">
      <dir>
            <info compressed="false">https://github.com/cttynul/xbmcttynul/raw/master/repo/zips/addons.xml</info>
            <checksum>https://github.com/cttynul/xbmcttynul/raw/master/repo/zips/addons.xml.md5</checksum>
            <datadir zip="true">https://github.com/cttynul/xbmcttynul/raw/master/repo/zips/</datadir>
      </dir>
      <dir>
            <info compressed="false">https:/github.com/tvaddonsco/tva-resolvers-repo/raw/master/addons.xml</info>
            <checksum>https://github.com/tvaddonsco/tva-resolvers-repo/raw/master/addons.xml.md5</checksum>
            <datadir zip="true">https://github.com/tvaddonsco/tva-resolvers-repo/raw/master/zips/</datadir>
      </dir>
      <!--<dir>
            <info compressed="false">https:/raw.githubusercontent.com/jsergio123/zips/master/addons.xml</info>
            <checksum>https://raw.githubusercontent.com/jsergio123/zips/master/addons.xml.md5</checksum>
            <datadir zip="true">https://raw.githubusercontent.com/jsergio123/zips/master/</datadir>
      </dir>-->
    </extension>
    <extension point="xbmc.addon.metadata">
        <summary>Just another XBMC/Kodi add-on repository.</summary>
        <description>Cttynul add-on repositories. Here are mirrored, from official sources: Kodi on Demand, NeverWise, TVA Resolvers and JSergio Repositories. Kodi is a registered trademark of the XBMC Foundation.</description>
        <platform>all</platform>
    </extension>
</addon>