<?xml version="1.0" encoding="UTF-8" standalone="yes"?>
<addon id="plugin.video.kod" name="Kodi on Demand" version="0.1" provider-name="KOD Team">
  <requires>
    <import addon="xbmc.python" version="2.1.0"/>
    <import addon="script.module.libtorrent" optional="true"/>
  </requires>
  <extension point="xbmc.python.pluginsource" library="default.py">
    <provides>video</provides>
  </extension>
  <extension point="xbmc.addon.metadata">
    <summary lang="en">Kodi on Demand is a Kodi add-on to search and watch contents on the web.</summary>
    <summary lang="it">Kodi on Demand è un addon di Kodi per cercare e guardare contenuti sul web.</summary>
    <assets>
      <icon>logo.png</icon>
      <fanart>fanart.jpg</fanart>
      <screenshot>resources/media/themes/ss/1.png</screenshot>
      <screenshot>resources/media/themes/ss/2.png</screenshot>
      <screenshot>resources/media/themes/ss/3.png</screenshot>
    </assets>
      <news>Benvenuto su KOD!</news>
    <description lang="it">Naviga velocemente sul web e guarda i contenuti presenti</description>
    <disclaimer>[COLOR red]The owners and submitters to this addon do not host or distribute any of the content displayed by these addons nor do they have any affiliation with the content providers.[/COLOR]
    [COLOR yellow]Kodi © is a registered trademark of the XBMC Foundation. We are not connected to or in any other way affiliated with Kodi, Team Kodi, or the XBMC Foundation. Furthermore, any software, addons, or products offered by us will receive no support in official Kodi channels, including the Kodi forums and various social networks.[/COLOR]</disclaimer>
    <platform>all</platform>
    <license>GNU GPL v3</license>
    <website>https://kodiondemand.github.io/</website>
    <forum>https://t.me/kodiondemand</forum>
    <source>https://github.com/kodiondemand/addon</source>
  </extension>
  <extension point="xbmc.service" library="videolibrary_service.py" start="login|startup">
  </extension>
</addon>
