<?xml version="1.0" encoding="UTF-8"?>
<addon id="plugin.video.f4mTester" name="F4M Proxy" version="3.5.2" provider-name="cttynul, Shani">
    <requires>
	<import addon="script.module.requests" />
        <import addon="xbmc.python" version="2.1.0"/>
    </requires>
    <extension point="xbmc.python.pluginsource" library="default.py">
        <provides>video</provides>
    </extension>
    <extension point="xbmc.addon.metadata">
        <summary>F4M Links Streamer</summary>
        <description>F4M Proxy is a fork of F4MTester with F4M Proxy integrated, both originally developed by Shani.</description>
        <platform>all</platform>
    </extension>
</addon>
