<?xml version="1.0" encoding="UTF-8" standalone="yes"?>
<addon id="plugin.video.live.streamspro"
       name="Live Streams Pro +"
       version="3.5.4"
       provider-name="cttynul, Shani, divingmule">
  <requires>
    <import addon="xbmc.python" version="2.1.0"/>
    <import addon="script.module.beautifulsoup" version="3.2.1"/>
    <import addon="script.module.simple.downloader" version="0.9.4"/>
    <import addon="script.module.requests" />
    <import addon="script.module.httplib2" />
    <import addon="script.module.liveresolver" version="0.1.24" optional="true"/>
    <import addon="script.module.youtube.dl" optional="true"/>
    <import addon="plugin.video.youtube" optional="true" />
    <import addon="script.module.resolveurl"/>
    <import addon="script.module.simplejson" />    
    <import addon="script.module.livestreamer" optional="true"/>
    <import addon="script.module.slproxy"/>
    <import addon="script.module.pyamf" optional="true"/>
  </requires>
  <extension point="xbmc.python.pluginsource" library="default.py">
    <provides>video</provides>
  </extension>
  <extension point="xbmc.service" library="service.py" start="login|startup"/>

  <extension point="xbmc.addon.metadata">
    <summary>Live Streams Pro +, shamelessly a fork of a fork, livestreams originally developed by divingmule first and Shani later</summary>
    <description>
        This can just do what Live Streams Pro could do, but with some new cool features.
        For more info check documentation page at url: -- soon there will be something here --
    </description>
    <platform>all</platform>
  </extension>
</addon>
